Unnamed: 0,Column 1,Column 2,Column 3,Column 4,Column 5
Column 1,1.0,,,,
Column 2,0.24011850823407188,1.0,,,
Column 3,-0.9166653239899909,-0.24344610697459385,1.0,,
Column 4,-0.8907687355525956,-0.1666923239161424,0.8409631738386488,1.0,
Column 5,0.9594598065246877,0.19843880961238658,-0.9012606985746636,-0.907018245522073,1.0
